Kinase,Substrate,cdf_x,INVLog2FoldChange,Substrate_effect,Phosphosite,Log2FoldChange,TotalWalks_x,cdf_y,TotalWalks_y,Change (%)
CDK1,PTPN2,0.999999999999994,-6353.000000000001,,S304,6353.000000000001,387,0.999999999999994,873.0,125.58139534883722
CDK1,NPM1,0.9639639639639583,-4055.999999999998,-,T199,4055.999999999998,329,0.9639639639639583,512.0,55.62310030395136
CDK1,HMGA1,0.9315315315315262,-3440.000000000002,,T53,3440.000000000002,395,0.9315315315315262,472.0,19.493670886075947
CDK2,PTPN2,0.999999999999994,-6353.000000000001,,S304,6353.000000000001,1455,0.999999999999994,2474.0,70.03436426116838
CDK2,NPM1,0.9639639639639583,-4055.999999999998,-,T199,4055.999999999998,1405,0.9639639639639583,1518.0,8.042704626334512
BTK,DOK3,0.9963963963963904,-5786.666666666667,,Y398,5786.666666666667,9747,0.9963963963963904,21290.0,118.42618241510209
BTK,TP53,0.9279279279279227,-3405.333333333333,+,S15,3405.333333333333,9586,0.9279279279279227,12522.0,30.62799916544961
BRSK2,PRKAA1,0.9945945945945887,-5769.166666666666,+,T183,5769.166666666666,12453,0.9945945945945887,14010.0,12.503011322572874
PRKAA1,PRKAA1,0.9945945945945887,-5769.166666666666,+,T183,5769.166666666666,12591,0.9945945945945887,35137.0,179.06441108728455
PRKAA1,TP53,0.9693693693693637,-4086.833333333334,+,T18,4086.833333333334,12550,0.9693693693693637,36347.0,189.61752988047806
PRKAA1,RAF1,0.9513513513513459,-3856.5,-,S259,3856.5,12584,0.9513513513513459,34205.0,171.8134138588684
CAMKK1,PRKAA1,0.9945945945945887,-5769.166666666666,+,T183,5769.166666666666,2479,0.9945945945945887,7016.0,183.01734570391284
CAMKK2,PRKAA1,0.9945945945945887,-5769.166666666666,+,T183,5769.166666666666,3103,0.9945945945945887,7729.0,149.08153399935546
MAP3K11,PRKAA1,0.9945945945945887,-5769.166666666666,+,T183,5769.166666666666,6164,0.9945945945945887,13187.0,113.93575600259572
STK11,PRKAA1,0.9945945945945887,-5769.166666666666,+,T183,5769.166666666666,2495,0.9945945945945887,4668.0,87.09418837675352
STK11,NUAK1,0.9477477477477423,-3819.500000000001,+,T211,3819.500000000001,2480,0.9477477477477423,3057.0,23.266129032258064
BRSK1,PRKAA1,0.9945945945945887,-5769.166666666666,+,T183,5769.166666666666,20009,0.9945945945945887,21556.0,7.731520815632976
CAMK2B,PRKAA1,0.9945945945945887,-5769.166666666666,+,T183,5769.166666666666,6092,0.9945945945945887,10486.0,72.1273801707157
FYN,PRKCD,0.9801801801801744,-4655.000000000001,+,Y313,4655.000000000001,1094,0.9801801801801744,2922.0,167.09323583180986
FYN,ABL1,0.866666666666662,-2731.333333333333,+,Y393,2731.333333333333,1196,0.866666666666662,1591.0,33.0267558528428
ABL1,PTPN11,0.983783783783778,-4702.333333333333,+,Y546,4702.333333333333,488,0.983783783783778,3012.0,517.2131147540983
ABL1,PRKCD,0.9801801801801744,-4655.000000000001,+,Y313,4655.000000000001,1440,0.9801801801801744,6210.0,331.25
ABL1,ABL1,0.866666666666662,-2731.333333333333,+,Y393,2731.333333333333,1315,0.866666666666662,3112.0,136.65399239543726
ABL1,BTK,0.8468468468468424,-2507.5,+,Y223,2507.5,1383,0.8468468468468424,3336.0,141.21475054229933
ABL1,CTNNB1,0.5351351351351338,-1014.4999999999995,+,Y489,1014.4999999999995,515,0.5351351351351338,593.0,15.145631067961162
PDGFRB,PRKCD,0.9801801801801744,-4655.000000000001,+,Y313,4655.000000000001,6235,0.9801801801801744,6882.0,10.37690457097034
DYRK1A,DYRK1A,0.9819819819819762,-4680.833333333334,+,Y321,4680.833333333334,4151,0.9819819819819762,7757.0,86.87063358226933
DYRK1A,TP53,0.9279279279279227,-3405.333333333333,+,S15,3405.333333333333,2080,0.9279279279279227,7451.0,258.22115384615387
PRKCD,PRKCD,0.9801801801801744,-4655.000000000001,+,Y313,4655.000000000001,9782,0.9801801801801744,31048.0,217.39930484563484
PRKCD,TP53,0.9279279279279227,-3405.333333333333,+,S15,3405.333333333333,9440,0.9279279279279227,32542.0,244.72457627118644
PRKCD,GSK3A,0.7693693693693657,-2000.0,-,S21,2000.0,9175,0.7693693693693657,18667.0,103.45504087193461
PRKCD,NFE2L2,0.6396396396396372,-1409.3333333333335,,S40,1409.3333333333335,9124,0.6396396396396372,12736.0,39.58790004384042
PDGFRA,PRKCD,0.9801801801801744,-4655.000000000001,+,Y313,4655.000000000001,12297,0.9801801801801744,13572.0,10.368382532324944
LYN,PRKCD,0.9801801801801744,-4655.000000000001,+,Y313,4655.000000000001,994,0.9801801801801744,2692.0,170.82494969818913
LYN,PTK2,0.9261261261261209,-3399.833333333333,+,Y576,3399.833333333333,994,0.9261261261261209,1903.0,91.44869215291752
LYN,RAF1,0.9153153153153102,-3238.5,+,Y341,3238.5,966,0.9153153153153102,1949.0,101.75983436853002
LYN,ABL1,0.866666666666662,-2731.333333333333,+,Y393,2731.333333333333,985,0.866666666666662,1500.0,52.28426395939084
LYN,BTK,0.8468468468468424,-2507.5,+,Y223,2507.5,1003,0.8468468468468424,1429.0,42.47258225324029
LCK,PRKCD,0.9801801801801744,-4655.000000000001,+,Y313,4655.000000000001,2820,0.9801801801801744,7581.0,168.82978723404256
SRC,PRKCD,0.9801801801801744,-4655.000000000001,+,Y313,4655.000000000001,491,0.9801801801801744,1734.0,253.1568228105906
SRC,PTK2,0.9261261261261209,-3399.833333333333,+,Y576,3399.833333333333,548,0.9261261261261209,1289.0,135.2189781021898
SRC,RAF1,0.9153153153153102,-3238.5,+,Y340,3238.5,575,0.9153153153153102,1188.0,106.6086956521739
SRC,ABL1,0.866666666666662,-2731.333333333333,+,Y393,2731.333333333333,531,0.866666666666662,1001.0,88.51224105461392
SRC,EGFR,0.8144144144144103,-2274.333333333333,+,Y869,2274.333333333333,491,0.8144144144144103,862.0,75.5600814663951
EGFR,PRKCD,0.9801801801801744,-4655.000000000001,+,Y313,4655.000000000001,2493,0.9801801801801744,4785.0,91.93742478941033
EGFR,EZR,0.9765765765765708,-4360.166666666667,+,Y354,4360.166666666667,489,0.9765765765765708,916.0,87.32106339468302
EGFR,PLCG1,0.9063063063063013,-3078.0,+,Y783,3078.0,508,0.9063063063063013,619.0,21.850393700787407
YES1,PRKCD,0.9801801801801744,-4655.000000000001,+,Y313,4655.000000000001,12369,0.9801801801801744,13671.0,10.5263157894737
ATR,CHEK1,0.8054054054054014,-2258.333333333334,+,S317,2258.333333333334,1999,0.8054054054054014,2763.0,38.21910955477739
PRKDC,TP53,0.9693693693693637,-4086.833333333334,+,T18,4086.833333333334,2589,0.9693693693693637,4161.0,60.71842410196987
MAPK8,TP53,0.9693693693693637,-4086.833333333334,+,S20,4086.833333333334,5641,0.9693693693693637,15407.0,173.1253323878745
MAPK8,NFATC2,0.9189189189189138,-3295.5,,S217,3295.5,5794,0.9189189189189138,12070.0,108.31895063859162
MAPK8,IRS1,0.9099099099099048,-3130.333333333333,,S636,3130.333333333333,5773,0.9099099099099048,11532.0,99.75749177204227
MAPK8,YAP1,0.799999999999996,-2184.166666666667,,T119,2184.166666666667,5745,0.799999999999996,7981.0,38.9208006962576
CHEK1,TP53,0.9693693693693637,-4086.833333333334,+,T18,4086.833333333334,3925,0.9693693693693637,5117.0,30.369426751592357
INSR,INSR,0.9657657657657601,-4075.500000000001,+,Y1361,4075.500000000001,2577,0.9657657657657601,5348.0,107.52813348855258
INSR,PTK2,0.9261261261261209,-3399.833333333333,+,Y576,3399.833333333333,3179,0.9261261261261209,7811.0,145.70619691726958
INSR,PPP2CA,0.6738738738738711,-1558.4999999999995,,Y307,1558.4999999999995,625,0.6738738738738711,1347.0,115.51999999999998
INSR,PIK3R1,0.45225225225225163,-833.666666666667,,Y580,833.666666666667,622,0.45225225225225163,704.0,13.18327974276528
CDK6,NPM1,0.9639639639639583,-4055.999999999998,-,T199,4055.999999999998,3786,0.9639639639639583,15545.0,310.5916534601162
CDK6,HMGA1,0.9315315315315262,-3440.000000000002,,T53,3440.000000000002,3798,0.9315315315315262,12995.0,242.1537651395471
AKT1,RAF1,0.9513513513513459,-3856.5,-,S259,3856.5,11667,0.9513513513513459,42163.0,261.38681751949946
AKT1,ACLY,0.8540540540540495,-2571.333333333333,+,S455,2571.333333333333,11534,0.8540540540540495,27619.0,139.45725680596496
AKT1,GSK3A,0.7693693693693657,-2000.0,-,S21,2000.0,11682,0.7693693693693657,20934.0,79.19876733436055
AKT1,WNK1,0.6720720720720693,-1541.666666666667,+,T60,1541.666666666667,11462,0.6720720720720693,15581.0,35.93613679986041
AKT1,PKM,0.6486486486486461,-1447.5,,S37,1447.5,11905,0.6486486486486461,14801.0,24.325913481730367
AKT1,AKT1,0.616216216216214,-1310.0833333333335,+,S473,1310.0833333333335,11786,0.616216216216214,13203.0,12.022738842694707
RAF1,RAF1,0.9513513513513459,-3856.5,-,S259,3856.5,8589,0.9513513513513459,19520.0,127.26743509139595
LATS1,RAF1,0.9513513513513459,-3856.5,-,S259,3856.5,10692,0.9513513513513459,25139.0,135.1197156752712
LATS1,LATS1,0.8882882882882834,-2874.3333333333335,+,S909,2874.3333333333335,10315,0.8882882882882834,14426.0,39.854580707707214
PRKACA,RAF1,0.9513513513513459,-3856.5,-,S259,3856.5,282,0.9513513513513459,1542.0,446.8085106382978
PRKACA,PRKACA,0.875675675675671,-2779.3333333333335,+,T198,2779.3333333333335,1116,0.875675675675671,2496.0,123.6559139784946
PRKACA,ACLY,0.8540540540540495,-2571.333333333333,+,S455,2571.333333333333,264,0.8540540540540495,975.0,269.3181818181818
PRKACA,MARK3,0.8360360360360317,-2447.166666666667,,T507,2447.166666666667,1268,0.8360360360360317,2326.0,83.43848580441639
PRKACA,WT1,0.8216216216216174,-2325.666666666666,,S365,2325.666666666666,271,0.8216216216216174,931.0,243.5424354243542
PRKACA,GSK3A,0.7693693693693657,-2000.0,-,S21,2000.0,266,0.7693693693693657,718.0,169.9248120300752
PRKACA,CTNNB1,0.7351351351351318,-1834.166666666667,+,S675,1834.166666666667,264,0.7351351351351318,692.0,162.12121212121212
PRKACA,MAPT,0.5009009009008999,-940.333333333333,,T529,940.333333333333,290,0.5009009009008999,365.0,25.86206896551724
PRKACA,ALOX5,0.48288288288288206,-896.6666666666665,,S272,896.6666666666665,265,0.48288288288288206,342.0,29.056603773584897
PRKACA,BAD,0.44864864864864806,-796.8333333333333,,S99,796.8333333333333,274,0.44864864864864806,292.0,6.569343065693431
RIPK1,RIPK1,0.9495495495495441,-3825.833333333333,+,S166,3825.833333333333,8598,0.9495495495495441,9305.0,8.22284252151664
STK38L,NUAK1,0.9477477477477423,-3819.500000000001,+,T211,3819.500000000001,12295,0.9477477477477423,13468.0,9.540463603090686
NUAK1,TP53,0.9279279279279227,-3405.333333333333,+,S15,3405.333333333333,7324,0.9279279279279227,15584.0,112.77990169306392
MAPK3,KCND2,0.9351351351351298,-3450.166666666666,,T602,3450.166666666666,575,0.9351351351351298,1207.0,109.91304347826087
MAPK3,TP53,0.9279279279279227,-3405.333333333333,+,S15,3405.333333333333,526,0.9279279279279227,1164.0,121.29277566539923
MAPK3,HSF1,0.891891891891887,-2883.6666666666665,-,S303,2883.6666666666665,557,0.891891891891887,940.0,68.76122082585277
MAPK3,MAPK3,0.8828828828828781,-2822.166666666667,-,T207,2822.166666666667,585,0.8828828828828781,910.0,55.55555555555557
MAPK3,EIF4G1,0.8630630630630585,-2694.8333333333335,+,S1231,2694.8333333333335,536,0.8630630630630585,871.0,62.5
MAPK3,ESR1,0.8018018018017978,-2220.166666666667,+,S104,2220.166666666667,529,0.8018018018017978,708.0,33.83742911153118
MAPK3,YAP1,0.799999999999996,-2184.166666666667,,T119,2184.166666666667,529,0.799999999999996,742.0,40.26465028355389
MAPK3,GSK3B,0.7963963963963925,-2153.5,,T43,2153.5,969,0.7963963963963925,1485.0,53.25077399380805
MAPK3,AKT1,0.7369369369369336,-1880.1666666666665,+,T308,1880.1666666666665,960,0.7369369369369336,1243.0,29.479166666666657
MAPK1,KCND2,0.9351351351351298,-3450.166666666666,,T602,3450.166666666666,660,0.9351351351351298,1806.0,173.63636363636363
MAPK1,TP53,0.9279279279279227,-3405.333333333333,+,S15,3405.333333333333,714,0.9279279279279227,1744.0,144.2577030812325
MAPK1,IRS1,0.9099099099099048,-3130.333333333333,,S636,3130.333333333333,650,0.9099099099099048,1644.0,152.92307692307693
MAPK1,HSF1,0.891891891891887,-2883.6666666666665,-,S303,2883.6666666666665,677,0.891891891891887,1524.0,125.11078286558345
MAPK1,ESR1,0.8018018018017978,-2220.166666666667,+,S104,2220.166666666667,666,0.8018018018017978,1165.0,74.92492492492494
MAPK1,GSK3B,0.7963963963963925,-2153.5,,T43,2153.5,1110,0.7963963963963925,1887.0,70.0
MAPK1,MAPT,0.7279279279279247,-1807.6666666666665,,T498,1807.6666666666665,650,0.7279279279279247,928.0,42.769230769230774
MAPK1,EP300,0.6306306306306283,-1389.1666666666665,,S2279,1389.1666666666665,665,0.6306306306306283,734.0,10.37593984962406
MAPK14,TP53,0.9279279279279227,-3405.333333333333,+,S15,3405.333333333333,3462,0.9279279279279227,8973.0,159.18544194107454
MAPK14,HSF1,0.891891891891887,-2883.6666666666665,-,S303,2883.6666666666665,3598,0.891891891891887,7667.0,113.0906058921623
MAPK14,MEF2A,0.8036036036035996,-2221.333333333334,,T108,2221.333333333334,3537,0.8036036036035996,5753.0,62.651964942041275
MAPK14,ETV6,0.7819819819819782,-2098.666666666668,,S22,2098.666666666668,3596,0.7819819819819782,5442.0,51.33481646273637
MAPK14,HNF4A,0.7747747747747711,-2050.166666666668,,S167,2050.166666666668,3466,0.7747747747747711,5095.0,46.99942296595498
MAPK14,MAPK14,0.7459459459459425,-1895.291666666666,+,Y182,1895.291666666666,4157,0.7459459459459425,5518.0,32.739956699542944
MAPK14,AKT1,0.7369369369369336,-1880.1666666666665,+,T308,1880.1666666666665,4410,0.7369369369369336,5888.0,33.51473922902494
PTK2,PTK2,0.9261261261261209,-3399.833333333333,+,Y576,3399.833333333333,55683,0.9261261261261209,114432.0,105.50616884866116
PTK2,BMX,0.32252252252252256,-519.0,+,Y40,519.0,77170,0.32252252252252256,106331.0,37.78800051833616
RET,PTK2,0.9261261261261209,-3399.833333333333,+,Y576,3399.833333333333,1831,0.9261261261261209,3228.0,76.29710540688149
MET,PTK2,0.9261261261261209,-3399.833333333333,+,Y576,3399.833333333333,29076,0.9261261261261209,50683.0,74.31214747558124
MET,MET,0.8270270270270228,-2380.1666666666665,+,T1241,2380.1666666666665,18745,0.8270270270270228,24181.0,28.99973326220328
FGR,PTK2,0.9261261261261209,-3399.833333333333,+,Y576,3399.833333333333,6029,0.9261261261261209,12963.0,115.01078122408362
BMX,PTK2,0.9261261261261209,-3399.833333333333,+,Y576,3399.833333333333,24645,0.9261261261261209,56404.0,128.8658957192128
BMX,MET,0.7729729729729693,-2019.833333333333,+,Y1235,2019.833333333333,25053,0.7729729729729693,34588.0,38.05931425378196
EPHA3,PTK2,0.9261261261261209,-3399.833333333333,+,Y576,3399.833333333333,6209,0.9261261261261209,9342.0,50.45901111290064
JAK2,RAF1,0.9153153153153102,-3238.5,+,Y340,3238.5,8033,0.9153153153153102,16470.0,105.02925432590561
RPS6KB1,IRS1,0.9099099099099048,-3130.333333333333,-,S639,3130.333333333333,1803,0.9099099099099048,2920.0,61.952301719356626
MTOR,IRS1,0.9099099099099048,-3130.333333333333,-,S639,3130.333333333333,5664,0.9099099099099048,9370.0,65.43079096045196
MTOR,ESR1,0.8018018018017978,-2220.166666666667,+,S104,2220.166666666667,5471,0.8018018018017978,6616.0,20.928532261012606
HCK,ABL1,0.866666666666662,-2731.333333333333,+,Y393,2731.333333333333,2446,0.866666666666662,3965.0,62.10139002452985
GSK3B,SIK1,0.9045045045044995,-3009.833333333333,+,T182,3009.833333333333,638,0.9045045045044995,1544.0,142.0062695924765
GSK3B,HSF1,0.891891891891887,-2883.6666666666665,-,S303,2883.6666666666665,650,0.891891891891887,1555.0,139.23076923076923
GSK3B,ESR1,0.8018018018017978,-2220.166666666667,+,S104,2220.166666666667,621,0.8018018018017978,1095.0,76.32850241545896
GSK3B,MAPT,0.7279279279279247,-1807.6666666666665,,T498,1807.6666666666665,627,0.7279279279279247,934.0,48.963317384370015
MAPK11,HSF1,0.891891891891887,-2883.6666666666665,-,S303,2883.6666666666665,11104,0.891891891891887,17315.0,55.934798270893396
MAPK11,HNF4A,0.7747747747747711,-2050.166666666668,,S167,2050.166666666668,11081,0.7747747747747711,12267.0,10.703005143940075
LATS2,LATS1,0.8882882882882834,-2874.3333333333335,+,S909,2874.3333333333335,6142,0.8882882882882834,10789.0,75.65939433409312
STK3,LATS1,0.8882882882882834,-2874.3333333333335,+,S909,2874.3333333333335,12269,0.8882882882882834,13348.0,8.79452278099275
PDPK1,PRKACA,0.875675675675671,-2779.3333333333335,+,T198,2779.3333333333335,2481,0.875675675675671,5448.0,119.5888754534462
PDPK1,AKT1,0.7369369369369336,-1880.1666666666665,+,T308,1880.1666666666665,2418,0.7369369369369336,3575.0,47.84946236559139
PDPK1,PDPK1,0.7333333333333301,-1826.833333333334,+,S241,1826.833333333334,2015,0.7333333333333301,2719.0,34.93796526054592
PDPK1,PRKCZ,0.6756756756756729,-1559.3333333333335,+,T410,1559.3333333333335,2456,0.6756756756756729,3001.0,22.190553745928327
PIK3CD,BTK,0.8468468468468424,-2507.5,+,Y223,2507.5,12276,0.8468468468468424,13530.0,10.21505376344085
TEC,BTK,0.8468468468468424,-2507.5,+,Y223,2507.5,12594,0.8468468468468424,13736.0,9.067810068286477
MAP2K3,MAPK11,0.8414414414414371,-2483.249999999999,+,T180,2483.249999999999,6030,0.8414414414414371,7540.0,25.041459369817588
MAP2K6,MAPK11,0.8414414414414371,-2483.249999999999,+,T180,2483.249999999999,3089,0.8414414414414371,4703.0,52.24991906765945
MAP2K6,MAPK8,0.7639639639639604,-1991.6666666666665,+,Y185,1991.6666666666665,3167,0.7639639639639604,3736.0,17.96652983896432
MAP2K6,MAPK14,0.7459459459459425,-1895.291666666666,+,Y182,1895.291666666666,3081,0.7459459459459425,3487.0,13.177539759818231
MAP2K4,MAPK11,0.8414414414414371,-2483.249999999999,+,T180,2483.249999999999,15672,0.8414414414414371,17760.0,13.32312404287903
MARK3,KSR1,0.3423423423423423,-587.6666666666665,,S406,587.6666666666665,1218,0.3423423423423423,2201.0,80.70607553366173
PRKCQ,CHUK,0.809009009009005,-2268.333333333332,+,S180,2268.333333333332,6168,0.809009009009005,8103.0,31.371595330739297
ERBB4,CDK6,0.7711711711711675,-2010.8333333333335,,Y13,2010.8333333333335,4092,0.7711711711711675,10282.0,151.27077223851418
ERBB3,CDK6,0.7711711711711675,-2010.8333333333335,,Y13,2010.8333333333335,8215,0.7711711711711675,19905.0,142.3006695069994
IKBKE,AKT1,0.7369369369369336,-1880.1666666666665,+,T308,1880.1666666666665,4153,0.7369369369369336,5417.0,30.435829520828293
PRKCB,GSK3A,0.7693693693693657,-2000.0,-,S21,2000.0,5479,0.7693693693693657,9398.0,71.52765103121007
PRKCB,PRKCB,0.7387387387387354,-1886.8333333333335,+,T500,1886.8333333333335,6584,0.7387387387387354,8829.0,34.097812879708385
PRKCB,AKT1,0.7369369369369336,-1880.1666666666665,+,T308,1880.1666666666665,8597,0.7369369369369336,12778.0,48.633244154937785
PRKCA,PRKCB,0.7387387387387354,-1886.8333333333335,+,T500,1886.8333333333335,1582,0.7387387387387354,2763.0,74.65233881163084
PRKCA,AKT1,0.7369369369369336,-1880.1666666666665,+,T308,1880.1666666666665,1523,0.7369369369369336,2627.0,72.48850952068287
PRKCZ,GSK3A,0.7693693693693657,-2000.0,-,S21,2000.0,1200,0.7693693693693657,2018.0,68.16666666666666
MAP3K5,MAPK8,0.7639639639639604,-1991.6666666666665,+,Y185,1991.6666666666665,3082,0.7639639639639604,4383.0,42.21284879948087
MAP3K5,MAPK14,0.7459459459459425,-1895.291666666666,+,Y182,1895.291666666666,3138,0.7459459459459425,4202.0,33.906947100063746
MAP3K1,MAPK8,0.7639639639639604,-1991.6666666666665,+,Y185,1991.6666666666665,6290,0.7639639639639604,11299.0,79.63434022257553
MAP2K7,MAPK8,0.7639639639639604,-1991.6666666666665,+,Y185,1991.6666666666665,12215,0.7639639639639604,12964.0,6.131805157593135
MAP3K6,MAPK8,0.7639639639639604,-1991.6666666666665,+,Y185,1991.6666666666665,6225,0.7639639639639604,6797.0,9.188755020080322
PRKD1,AKT1,0.7369369369369336,-1880.1666666666665,+,T308,1880.1666666666665,4158,0.7369369369369336,5126.0,23.28042328042328
FES,PECAM1,0.758558558558555,-1963.8333333333335,+,Y713,1963.8333333333335,2063,0.758558558558555,3569.0,73.0004847309743
FES,FES,0.7081081081081051,-1722.4999999999995,,S716,1722.4999999999995,4135,0.7081081081081051,4778.0,15.55018137847641
MAP2K2,MAPK3,0.7405405405405372,-1891.833333333334,+,T202,1891.833333333334,4276,0.7405405405405372,7521.0,75.88868101028999
MAP2K2,MAPK1,0.5873873873873855,-1225.1666666666665,+,T185,1225.1666666666665,4224,0.5873873873873855,4732.0,12.026515151515156
PRKCE,AKT1,0.7369369369369336,-1880.1666666666665,+,T308,1880.1666666666665,4175,0.7369369369369336,8141.0,94.99401197604791
TBK1,AKT1,0.7369369369369336,-1880.1666666666665,+,T308,1880.1666666666665,6220,0.7369369369369336,8876.0,42.70096463022509
AXL,AKT1,0.7369369369369336,-1880.1666666666665,+,T308,1880.1666666666665,6118,0.7369369369369336,12382.0,102.3864007845701
TNK2,TNK2,0.40900900900900866,-697.333333333333,+,Y284,697.333333333333,20661,0.40900900900900866,22716.0,9.946275591694501
TTK,CHEK2,0.5837837837837819,-1211.8333333333333,+,T68,1211.8333333333333,6121,0.5837837837837819,10388.0,69.71083156347001
CDK20,CILK1,0.5621621621621605,-1129.333333333333,+,T157,1129.333333333333,6197,0.5621621621621605,8236.0,32.903017589156036
CILK1,CILK1,0.5297297297297284,-1009.8333333333333,+,Y159,1009.8333333333333,9822,0.5297297297297284,16036.0,63.26613724292406
CDK7,CILK1,0.5621621621621605,-1129.333333333333,+,T157,1129.333333333333,3946,0.5621621621621605,8058.0,104.20679168778508
CAMK2A,BRSK1,0.5549549549549534,-1122.1666666666679,+,T189,1122.1666666666679,6123,0.5549549549549534,6959.0,13.653437857259519
PRKG1,PRKG1,0.5189189189189177,-968.5833333333335,,T517,968.5833333333335,4126,0.5189189189189177,5687.0,37.83325254483762
PRKG1,GTF2I,0.3873873873873872,-677.9999999999995,,S412,677.9999999999995,2069,0.3873873873873872,4291.0,107.39487675205416
MAP3K7,RIPK1,0.5117117117117106,-957.833333333333,,S320,957.833333333333,6097,0.5117117117117106,7686.0,26.061997703788748
PRKCI,CDK7,0.491891891891891,-929.666666666667,+,T170,929.666666666667,4172,0.491891891891891,5000.0,19.846596356663483
FGFR2,PTK2,0.37117117117117104,-643.5,+,Y397,643.5,6082,0.37117117117117104,10150.0,66.88589279842157
MAPK14,TP53,0.9980916030534351,17864.666666666668,+,S392,-17864.666666666668,8553,0.9980916030534351,100728.0,-1077.692037881445
MAPK14,STAT3,0.9694656488549618,8636.000000000002,+,S727,-8636.000000000002,8685,0.9694656488549618,48352.0,-456.72999424294755
MAPK14,MAPK14,0.9274809160305343,5681.583333333334,+,T180,-5681.583333333334,10000,0.9274809160305343,30235.0,-202.34999999999997
PAK1,STAT5A,0.9961832061068703,16416.499999999996,-,S780,-16416.499999999996,437,0.9961832061068703,2102.0,-381.0068649885584
PRKD1,CFL1,0.9904580152671756,11764.333333333336,-,S3,-11764.333333333336,23121,0.9904580152671756,56001.0,-142.20838199039835
LIMK1,CFL1,0.9904580152671756,11764.333333333336,-,S3,-11764.333333333336,71067,0.9904580152671756,82851.0,-16.58153573388492
INSR,SHC1,0.9885496183206107,11205.833333333328,,Y427,-11205.833333333328,1648,0.9885496183206107,2536.0,-53.88349514563106
FYN,SHC1,0.9885496183206107,11205.833333333328,,Y427,-11205.833333333328,843,0.9885496183206107,12972.0,-1438.7900355871886
FYN,FYN,0.7137404580152671,1727.1666666666679,+,Y420,-1727.1666666666679,2714,0.7137404580152671,4113.0,-51.54753131908623
JAK3,JAK1,0.9751908396946565,10365.833333333332,+,Y1035,-10365.833333333332,6510,0.9751908396946565,14234.0,-118.64823348694316
JAK1,STAT1,0.950381679389313,7408.1111111111095,+,Y701,-7408.1111111111095,1274,0.950381679389313,11363.0,-791.9152276295133
MAPK9,STAT3,0.9694656488549618,8636.000000000002,+,S727,-8636.000000000002,5342,0.9694656488549618,27744.0,-419.3560464245601
MAPK9,NFATC4,0.9618320610687023,8083.0,,S213,-8083.0,5418,0.9618320610687023,26058.0,-380.9523809523809
MAPK9,RXRA,0.8053435114503814,2575.666666666667,,S260,-2575.666666666667,5362,0.8053435114503814,8174.0,-52.443118239462876
MAPKAPK2,STAT3,0.9694656488549618,8636.000000000002,+,S727,-8636.000000000002,2875,0.9694656488549618,4346.0,-51.16521739130434
PRKCD,STAT3,0.9694656488549618,8636.000000000002,+,S727,-8636.000000000002,2855,0.9694656488549618,4807.0,-68.37127845884413
RPS6KA5,STAT3,0.9694656488549618,8636.000000000002,+,S727,-8636.000000000002,2888,0.9694656488549618,7005.0,-142.55540166204986
EGFR,STAT1,0.950381679389313,7408.1111111111095,+,Y701,-7408.1111111111095,1422,0.950381679389313,11039.0,-676.3009845288327
EGFR,EGFR,0.9198473282442747,5136.166666666664,+,Y1069,-5136.166666666664,3818,0.9198473282442747,10578.0,-177.05605028810896
EGFR,SHC1,0.7805343511450379,2405.0000000000005,+,Y349,-2405.0000000000005,1330,0.7805343511450379,3410.0,-156.39097744360902
EGFR,PTPN1,0.6717557251908399,1442.1666666666665,,Y66,-1442.1666666666665,1345,0.6717557251908399,2027.0,-50.70631970260223
JAK2,EGFR,0.9198473282442747,5136.166666666664,+,Y1069,-5136.166666666664,3903,0.9198473282442747,9486.0,-143.04381245196004
SRC,STAT1,0.950381679389313,7408.1111111111095,+,Y701,-7408.1111111111095,4349,0.950381679389313,27471.0,-531.6624511381928
SRC,SRC,0.9293893129770991,5811.166666666666,-,Y530,-5811.166666666666,4238,0.9293893129770991,21594.0,-409.5327984898537
SRC,RET,0.8740458015267174,3642.833333333332,+,Y905,-3642.833333333332,5358,0.8740458015267174,16337.0,-204.90854796565884
SRC,IGF1R,0.7881679389312974,2500.666666666667,+,Y1161,-2500.666666666667,5245,0.7881679389312974,11195.0,-113.44137273593898
SRC,SHC1,0.7805343511450379,2405.0000000000005,+,Y349,-2405.0000000000005,4277,0.7805343511450379,8588.0,-100.79494973111994
SRC,ABL1,0.7595419847328241,2241.166666666666,+,Y469,-2241.166666666666,5424,0.7595419847328241,9732.0,-79.42477876106196
PRKDC,IRF3,0.9484732824427481,7266.666666666664,,T135,-7266.666666666664,976,0.9484732824427481,3519.0,-260.5532786885246
PRKDC,TP53,0.8435114503816792,3022.666666666666,,S9,-3022.666666666666,1026,0.8435114503816792,1491.0,-45.321637426900594
PRKDC,PRKDC,0.8358778625954196,2953.333333333334,,S2056,-2953.333333333334,4053,0.8358778625954196,5290.0,-30.52060202319268
AKT1,SRC,0.9293893129770991,5811.166666666666,-,Y530,-5811.166666666666,1003,0.9293893129770991,1536.0,-53.1405782652044
MAP3K6,MAPK14,0.9274809160305343,5681.583333333334,+,T180,-5681.583333333334,10057,0.9274809160305343,22415.0,-122.87958635776076
PBK,MAPK14,0.9274809160305343,5681.583333333334,+,T180,-5681.583333333334,8129,0.9274809160305343,22442.0,-176.0733177512609
MAP3K5,MAPK14,0.9274809160305343,5681.583333333334,+,T180,-5681.583333333334,41221,0.9274809160305343,66019.0,-60.158656995220866
MAP2K6,MAPK14,0.9274809160305343,5681.583333333334,+,T180,-5681.583333333334,5042,0.9274809160305343,18216.0,-261.2852042840143
MAP2K6,MAPK9,0.7194656488549618,1790.833333333333,+,Y185,-1790.833333333333,5030,0.7194656488549618,5454.0,-8.429423459244532
MAP2K4,MAPK14,0.9274809160305343,5681.583333333334,+,T180,-5681.583333333334,4873,0.9274809160305343,18369.0,-276.95464806074284
MAP2K4,MAPK9,0.7194656488549618,1790.833333333333,+,Y185,-1790.833333333333,5069,0.7194656488549618,5454.0,-7.595186427303219
MAP2K3,MAPK14,0.9274809160305343,5681.583333333334,+,T180,-5681.583333333334,6683,0.9274809160305343,23311.0,-248.81041448451293
PTK2,RET,0.8740458015267174,3642.833333333332,+,Y905,-3642.833333333332,6662,0.8740458015267174,18891.0,-183.56349444611226
RET,RET,0.8740458015267174,3642.833333333332,+,Y905,-3642.833333333332,15558,0.8740458015267174,39758.0,-155.54698547371126
RET,MAPK9,0.7194656488549618,1790.833333333333,+,Y185,-1790.833333333333,29641,0.7194656488549618,57887.0,-95.29368104989712
MERTK,MERTK,0.8034351145038165,2553.083333333333,+,Y753,-2553.083333333333,6645,0.8034351145038165,18117.0,-172.64108352144467
MERTK,STAT5A,0.39885496183206437,640.1666666666661,+,Y694,-640.1666666666661,3310,0.39885496183206437,17740.0,-435.95166163141994
IGF1R,IGF1R,0.7881679389312974,2500.666666666667,+,Y1161,-2500.666666666667,4419,0.7881679389312974,10802.0,-144.44444444444446
SYK,SHC1,0.7805343511450379,2405.0000000000005,+,Y349,-2405.0000000000005,6700,0.7805343511450379,15064.0,-124.83582089552237
SYK,SYK,0.6832061068702292,1539.666666666667,+,Y352,-1539.666666666667,9035,0.6832061068702292,11529.0,-27.603763143331477
ABL1,ABL1,0.7595419847328241,2241.166666666666,+,Y469,-2241.166666666666,6470,0.7595419847328241,14720.0,-127.51159196290573
ABL1,ZAP70,0.7480916030534348,2119.666666666666,-,Y319,-2119.666666666666,4288,0.7480916030534348,13573.0,-216.53451492537317
ABL1,PTPN6,0.5801526717557263,1088.4999999999995,,Y564,-1088.4999999999995,4284,0.5801526717557263,6812.0,-59.01027077497665
PRKCQ,PTPN7,0.7538167938931295,2135.8333333333358,,S44,-2135.8333333333358,4508,0.7538167938931295,16159.0,-258.4516415261757
PRKCQ,PRKCQ,0.7423664122137401,2066.333333333333,+,S695,-2066.333333333333,7570,0.7423664122137401,14168.0,-87.15984147952446
KDR,KDR,0.7519083969465645,2130.8333333333335,+,Y1054,-2130.8333333333335,10022,0.7519083969465645,19691.0,-96.47774895230492
KDR,PFN1,0.08969465648855679,105.0,,Y129,-105.0,10022,0.08969465648855679,19691.0,-96.47774895230492
PRKCA,STXBP1,0.7499999999999997,2129.5,,S313,-2129.5,1850,0.7499999999999997,2879.0,-55.62162162162164
PRKCA,CAMK2A,0.7328244274809159,1923.0000000000005,+,T286,-1923.0000000000005,3476,0.7328244274809159,6545.0,-88.29113924050634
PRKCA,EIF4E,0.6679389312977102,1428.0,+,S209,-1428.0,1887,0.6679389312977102,1994.0,-5.6703762586115545
STK3,PRKCA,0.7442748091603051,2103.3333333333335,,S226,-2103.3333333333335,10057,0.7442748091603051,14570.0,-44.874216963309124
PDPK1,PRKCQ,0.7423664122137401,2066.333333333333,+,S695,-2066.333333333333,2536,0.7423664122137401,7090.0,-179.57413249211356
PDPK1,PKN1,0.6908396946564886,1557.8333333333335,+,T774,-1557.8333333333335,2450,0.6908396946564886,5161.0,-110.65306122448982
PDPK1,RPS6KB1,0.5744274809160317,1064.666666666667,+,T252,-1064.666666666667,2457,0.5744274809160317,3318.0,-35.042735042735046
PDPK1,MAP3K5,0.5248091603053453,941.3333333333339,+,T838,-941.3333333333339,2530,0.5248091603053453,3167.0,-25.177865612648233
CAMK2A,CAMK2A,0.7328244274809159,1923.0000000000005,+,T286,-1923.0000000000005,8713,0.7328244274809159,28556.0,-227.74015838402386
CAMK2A,TH,0.5916030534351154,1149.3333333333335,+,S71,-1149.3333333333335,6983,0.5916030534351154,22129.0,-216.89818129743662
CAMK2A,CTNNB1,0.3530534351145077,558.0,+,S552,-558.0,6945,0.3530534351145077,10237.0,-47.401007919366464
CAMK2A,ETS1,0.3148854961832105,492.16666666666606,,S282,-492.16666666666606,7046,0.3148854961832105,8929.0,-26.724382628441674
CAMK2A,GRIA1,0.29770992366412674,467.33333333333303,+,S849,-467.33333333333303,7104,0.29770992366412674,8384.0,-18.01801801801801
CAMK2B,CAMK2A,0.7328244274809159,1923.0000000000005,+,T286,-1923.0000000000005,10012,0.7328244274809159,18349.0,-83.27007590890932
CAMK2D,CAMK2A,0.7328244274809159,1923.0000000000005,+,T286,-1923.0000000000005,19819,0.7328244274809159,23137.0,-16.741510671577785
AXL,FYN,0.7137404580152671,1727.1666666666679,+,Y420,-1727.1666666666679,4924,0.7137404580152671,12866.0,-161.29163281884644
AXL,AXL,0.5438931297709939,983.333333333333,,Y779,-983.333333333333,4005,0.5438931297709939,5067.0,-26.51685393258427
AXL,SRC,0.4694656488549642,806.5833333333335,+,Y419,-806.5833333333335,5024,0.4694656488549642,5712.0,-13.69426751592357
PKN1,PKN1,0.6908396946564886,1557.8333333333335,+,T774,-1557.8333333333335,2450,0.6908396946564886,5161.0,-110.65306122448982
LYN,SYK,0.6832061068702292,1539.666666666667,+,Y352,-1539.666666666667,4880,0.6832061068702292,9896.0,-102.78688524590166
PAK2,PAK2,0.6221374045801534,1228.0,+,S141,-1228.0,3294,0.6221374045801534,9917.0,-201.06253794778388
PAK2,NF2,0.3473282442748131,540.0,,S518,-540.0,682,0.3473282442748131,4098.0,-500.8797653958944
PAK2,RPS6,0.2213740458015323,273.33333333333394,,S240,-273.33333333333394,643,0.2213740458015323,1973.0,-206.8429237947123
STK4,STK4,0.6202290076335886,1219.166666666667,,T187,-1219.166666666667,6636,0.6202290076335886,14971.0,-125.60277275467149
STK4,MAP2K1,0.21374045801527286,266.33333333333326,+,S298,-266.33333333333326,10033,0.21374045801527286,12374.0,-23.33300109638195
NTRK2,NTRK2,0.6164122137404588,1215.166666666667,+,Y706,-1215.166666666667,4466,0.6164122137404588,4784.0,-7.120465741155385
PIK3CD,RPS6KB1,0.5744274809160317,1064.666666666667,+,T252,-1064.666666666667,20030,0.5744274809160317,21509.0,-7.383924113829266
RPS6KB1,EIF4B,0.5381679389312992,971.0,-,S422,-971.0,24981,0.5381679389312992,35207.0,-40.935110684119934
PIK3CA,RPS6KB1,0.5744274809160317,1064.666666666667,+,T252,-1064.666666666667,19857,0.5744274809160317,20924.0,-5.373419952661536
AKT2,SIK2,0.3931297709923698,621.833333333333,+,S358,-621.833333333333,4860,0.3931297709923698,5219.0,-7.386831275720169
MET,MET,0.5496183206106884,987.1666666666665,+,Y1003,-987.1666666666665,4918,0.5496183206106884,8610.0,-75.07116714111427
MET,SRC,0.4694656488549642,806.5833333333335,+,Y419,-806.5833333333335,6677,0.4694656488549642,12553.0,-88.00359442863561
MET,GAB1,0.2652671755725241,369.1666666666665,,Y406,-369.1666666666665,1584,0.2652671755725241,2178.0,-37.5
MELK,MAP3K5,0.5248091603053453,941.3333333333339,+,T838,-941.3333333333339,9976,0.5248091603053453,11700.0,-17.281475541299102
LRRK2,MAP3K5,0.5248091603053453,941.3333333333339,+,T838,-941.3333333333339,19629,0.5248091603053453,23016.0,-17.255081766773657
EPHB2,SRC,0.4694656488549642,806.5833333333335,+,Y419,-806.5833333333335,19852,0.4694656488549642,22378.0,-12.724158774934509
PDGFRB,SRC,0.4694656488549642,806.5833333333335,+,Y419,-806.5833333333335,19880,0.4694656488549642,22142.0,-11.378269617706223
PDGFRA,SRC,0.4694656488549642,806.5833333333335,+,Y419,-806.5833333333335,19900,0.4694656488549642,22311.0,-12.115577889447238
PTK2B,SRC,0.4694656488549642,806.5833333333335,+,Y419,-806.5833333333335,11781,0.4694656488549642,15782.0,-33.96146337322807
HCK,ABL1,0.24809160305344036,357.0,+,Y139,-357.0,6500,0.24809160305344036,7257.0,-11.646153846153837
ROCK1,LIMK1,0.28244274809160785,415.5,+,T508,-415.5,9998,0.28244274809160785,14583.0,-45.85917183436686
PAK6,LIMK1,0.28244274809160785,415.5,+,T508,-415.5,19588,0.28244274809160785,22657.0,-15.667755768838049
PAK4,LIMK1,0.28244274809160785,415.5,+,T508,-415.5,19743,0.28244274809160785,22489.0,-13.908727143797805
CDC42BPA,LIMK1,0.28244274809160785,415.5,+,T508,-415.5,19725,0.28244274809160785,22654.0,-14.849176172370093
AURKB,AURKB,0.21946564885496744,271.6666666666665,+,S227,-271.6666666666665,10933,0.21946564885496744,12750.0,-16.619409128327092
AURKB,H3-3A,0.17557251908397564,230.33333333333303,,S10,-230.33333333333303,9464,0.17557251908397564,13473.0,-42.360524091293314
FER,FER,0.20801526717557828,264.33333333333303,,Y714,-264.33333333333303,9789,0.20801526717557828,16898.0,-72.62233118806824
FER,STAT3,8.215650382226158e-15,15.333333333333485,+,Y705,-15.333333333333485,9789,8.215650382226158e-15,16898.0,-72.62233118806824
PRKD3,PRKD1,0.07824427480916751,92.83333333333394,+,S742,-92.83333333333394,19906,0.07824427480916751,21422.0,-7.615794232894601
